"","meanImp","medianImp","minImp","maxImp","normHits","decision"
"288_FrontoParietal_mean",7.94184831045975,8.09550235903332,1.57475404971658,10.8783779000234,0.969939879759519,"Confirmed"
"164_Visual_var",7.61299658364988,7.79949791760677,0.837548876501229,10.5261861196546,0.963927855711423,"Confirmed"
"211_VentralAttention_mean",7.39138349309605,7.55090375401602,0.991788192766352,10.0264329486297,0.949899799599198,"Confirmed"
"279_DefaultMode_mean",5.1424334427324,5.20142741347011,-0.032832652632956,7.89362083803206,0.869739478957916,"Confirmed"
"65_CinguloOpercular_mean",4.73861397114777,4.78253667900852,-0.184859926552347,7.98350924828863,0.859719438877755,"Confirmed"
"211_VentralAttention_var",4.60342497979578,4.75032965462837,-0.987966879187516,6.98725297931052,0.829659318637275,"Confirmed"
"20_SomatomotorDorsal_var",3.48531886791461,3.55819078882685,-1.24745624248816,5.98860912829839,0.67935871743487,"Confirmed"
"159_Visual_mean",3.45084792490501,3.51293196107709,-0.54587669817866,6.33196016567858,0.673346693386774,"Confirmed"
"75_Auditory_var",2.98154562116639,3.02793617240337,-0.720249705713574,5.67017337931127,0.565130260521042,"Tentative"
"268_CinguloOpercular_var",2.19925557789499,2.24316713526546,-1.3611900381226,4.95514966743183,0.416833667334669,"Tentative"
"267_CinguloOpercular_var",0.893247782646563,0.926486092531219,-1.86836441671997,3.64965544157442,0.00400801603206413,"Rejected"
"187_FrontoParietal_mean",0.0591194586815093,0.483779876804415,-1.60953855338606,2.61087069306158,0.00200400801603206,"Rejected"
"55_CinguloOpercular_var",0.0535446770689311,0.225545954847881,-1.54918499818198,2.19683222348258,0.00200400801603206,"Rejected"
"1_unassigned_mean",-0.209443048761713,-0.150499766635901,-1.67821063059513,1.41272385491968,0,"Rejected"
"10_unassigned_mean",0.0205205869956121,0.192994215310865,-1.14654530127808,1.00100150250438,0,"Rejected"
"100_DefaultMode_mean",0.10263419630186,0.257697241099803,-1.19016154724954,1.23312235554929,0,"Rejected"
"101_DefaultMode_mean",0.0202993278960168,0,-1.37025314480954,1.37113879943153,0,"Rejected"
"102_DefaultMode_mean",-0.35542986601855,-0.712454035592232,-1.0570636815118,1.00509636192849,0,"Rejected"
"103_DefaultMode_mean",0.134047944165806,0.0734599715116799,-1.47726538383156,1.95037786267006,0,"Rejected"
"104_DefaultMode_mean",-0.393529719996706,-0.444328226126478,-1.7433649559598,0.89914315206915,0,"Rejected"
"105_DefaultMode_mean",-0.122492449932833,-0.560774086550751,-1.62391537604074,2.10202977806229,0,"Rejected"
"106_DefaultMode_mean",-0.322415749279236,0,-2.61932187782154,1.41662750956909,0,"Rejected"
"107_DefaultMode_mean",-0.522357115579516,-0.842328976666188,-2.16064128829998,0.890054931454467,0,"Rejected"
"108_DefaultMode_mean",0.00990607683760421,0,-1.72793513686538,1.30177138799148,0,"Rejected"
"109_DefaultMode_mean",-0.04855717908448,-0.277681172476376,-1.46198593689492,1.73949388677659,0,"Rejected"
"11_unassigned_mean",-0.293678139851266,-0.483188825562362,-1.71646661850453,1.14969964248849,0,"Rejected"
"110_DefaultMode_mean",-0.29940007808563,-0.49180751435206,-1.33709770385173,1.13016511326669,0,"Rejected"
"111_DefaultMode_mean",-0.152320033867201,-0.0295131678216637,-1.40207194988066,1.384555345865,0,"Rejected"
"112_DefaultMode_mean",0.119314413089762,0.0250014034320935,-1.20751709061074,1.66896323564937,0,"Rejected"
"113_DefaultMode_mean",-0.239627120629998,-0.459364603235339,-1.54711855369367,1.26076349417728,0,"Rejected"
"114_DefaultMode_mean",0.0787137599926071,0,-1.34671602268548,1.49770300918172,0,"Rejected"
"115_DefaultMode_mean",-0.330464144106512,-0.510367944629952,-1.60607593650962,1.19226394876688,0,"Rejected"
"116_DefaultMode_mean",0.157592151893872,0.317348619953118,-2.03825829158444,1.9277850293033,0,"Rejected"
"117_DefaultMode_mean",-0.515170293989481,-0.930555989960472,-1.29916144395829,1.25220575861259,0,"Rejected"
"118_DefaultMode_mean",0.172180348487484,0.313067266160917,-1.05288782214631,1.62043467452569,0,"Rejected"
"119_DefaultMode_mean",0.229749070160023,0.254621483589057,-1.32409850312913,1.49388075829413,0,"Rejected"
"12_unassigned_mean",-0.255931375180447,-0.0990068005419547,-1.40686805865992,1.27248348045258,0,"Rejected"
"120_DefaultMode_mean",-0.438916856063071,-0.901319905382257,-1.15464173417095,1.00100150250438,0,"Rejected"
"121_DefaultMode_mean",-0.0513698109740639,-0.161412426500018,-1.66885613815451,1.41632725786679,0,"Rejected"
"122_DefaultMode_mean",0.096741248520886,-0.0568177260226868,-1.35542448786228,1.73341737938528,0,"Rejected"
"123_DefaultMode_mean",-0.0187905780036393,0,-1.62955286889407,1.31722116651677,0,"Rejected"
"124_DefaultMode_mean",-0.121562361397698,0,-1.09711351255222,1.00100150250438,0,"Rejected"
"125_DefaultMode_mean",0.252927873656145,0.410038714185677,-1.4161087719202,1.27032002828118,0,"Rejected"
"126_DefaultMode_mean",0.063485134195934,0,-1.41344113657265,1.00100150250438,0,"Rejected"
"127_DefaultMode_mean",0.0768284027339269,0.143705245824931,-1.41214916108355,1.34131081235094,0,"Rejected"
"128_DefaultMode_mean",-0.0652456499513374,0,-1.17291788643027,1.29345382663726,0,"Rejected"
"129_DefaultMode_mean",-0.258654990131258,-0.826739285308556,-1.38423287441878,1.55302912838601,0,"Rejected"
"13_SomatomotorDorsal_mean",0.652651677181382,0.631749123394448,-1.99297786922612,1.9512930707583,0,"Rejected"
"130_DefaultMode_mean",-0.235976759481883,-0.206250056559999,-1.32264841957813,1.00100150250438,0,"Rejected"
"131_DefaultMode_mean",-0.138402606743293,-0.345695766457751,-1.72215719807997,1.64332091126944,0,"Rejected"
"132_DefaultMode_mean",-0.177816040178652,0,-1.41753583783057,1.35021609386606,0,"Rejected"
"133_DefaultMode_mean",-0.0460171853207511,-0.0894257785052325,-1.39015480755711,1.41915550137705,0,"Rejected"
"134_DefaultMode_mean",0.0403903826491959,0.0781140240655148,-1.49632594694918,1.42226216245178,0,"Rejected"
"135_DefaultMode_mean",-0.121567049334814,-0.106825046484884,-1.72997726804145,2.02763443407354,0,"Rejected"
"136_ParietoMedial_mean",-0.352160901857137,-0.875607046055925,-1.59981109497961,1.00100150250438,0,"Rejected"
"137_ParietoMedial_mean",-0.150637413870959,-0.478652054995817,-1.26970865689957,1.45135511197164,0,"Rejected"
"138_ParietoMedial_mean",-0.301490649229041,-0.389988656128298,-1.83099771509469,1.51537984774142,0,"Rejected"
"139_ParietoMedial_mean",-0.00736137311889168,0,-1.65857900178493,1.95143679709275,0,"Rejected"
"14_SomatomotorDorsal_mean",-0.380367206768047,-0.866849373579887,-1.29676910839561,1.73637352179754,0,"Rejected"
"140_ParietoMedial_mean",-0.10727455356459,-0.0769036063870919,-1.79079195736954,1.70298461435757,0,"Rejected"
"141_Visual_mean",-0.243092565137441,-0.163798021358061,-1.56224936943343,1.00100150250438,0,"Rejected"
"142_Visual_mean",0.0783706031686949,0,-1.15045175358348,1.41896075019514,0,"Rejected"
"143_Visual_mean",-0.837947911100015,-0.929944814904677,-1.76754087509207,0.632665094131258,0,"Rejected"
"144_Visual_mean",0.249797121879628,0.588829790028422,-1.0351645336596,1.30792954364215,0,"Rejected"
"145_Visual_mean",-0.0189275595788777,0.346364399241363,-1.53046985091624,1.50001138219949,0,"Rejected"
"146_Visual_mean",-0.267659711717284,-0.539686073160071,-1.37474790746959,1.2450566716807,0,"Rejected"
"147_Visual_mean",-0.202617788584512,-0.612383574384612,-1.46253639661107,1.51712501398004,0,"Rejected"
"148_Visual_mean",-0.417592149960383,-0.548327173613179,-1.66671699244425,1.40804629266193,0,"Rejected"
"149_Visual_mean",0.541670822276663,0.846172796143898,-1.06998791149633,1.97245943852846,0,"Rejected"
"15_SomatomotorDorsal_mean",0.114048015767166,0,-1.31666103150204,1.38967578352349,0,"Rejected"
"150_Visual_mean",-0.0538311678710857,0.0570379742102248,-1.68815709920921,1.47809677536765,0,"Rejected"
"151_Visual_mean",-0.272529630960904,-0.507009247195742,-1.35120381289169,1.02300056635423,0,"Rejected"
"152_Visual_mean",0.136145645296397,0.145930132307446,-1.17427728906026,1.72103043974142,0,"Rejected"
"153_Visual_mean",-0.364507039743536,-0.332916405803357,-1.37749196358194,0.739268804432646,0,"Rejected"
"154_Visual_mean",0.533241417242741,0.857901927528249,-1.19968291832527,1.59499827536964,0,"Rejected"
"155_Visual_mean",0.00480612312335889,-0.198146288181893,-1.83574514351137,1.85699236431179,0,"Rejected"
"156_Visual_mean",0.143337868734143,0.0490956376710733,-1.77225908817905,1.49658950921502,0,"Rejected"
"157_Visual_mean",-0.416444647516111,-0.57964775185715,-1.57431916720339,1.00419649826293,0,"Rejected"
"158_Visual_mean",0.350583532060995,0.464729929970328,-1.41320284146449,1.65202012471249,0,"Rejected"
"16_SomatomotorDorsal_mean",-0.314833186978151,-0.373622412341486,-1.48593610240209,1.00100150250438,0,"Rejected"
"160_Visual_mean",0.599464827594476,0.660571662265379,-1.01824952246504,1.57556050972965,0,"Rejected"
"161_Visual_mean",-0.0586407623581894,-0.0786665423312034,-1.29819135500501,1.57728780445363,0,"Rejected"
"162_Visual_mean",-0.279598378192223,-0.280967760650098,-1.62198345058522,1.05075098878481,0,"Rejected"
"163_Visual_mean",-0.262017912821306,-0.0254735058942473,-1.37814110998702,1.3285712358334,0,"Rejected"
"164_Visual_mean",0.438628495462936,0.881595686000855,-1.15492599267269,1.73111767685989,0,"Rejected"
"165_Visual_mean",0.142424194138611,0.348792206932682,-1.77715158737145,1.73910685084563,0,"Rejected"
"166_Visual_mean",0.00912307004654823,0.142808216932751,-1.4168478087833,1.72451463175786,0,"Rejected"
"167_Visual_mean",-0.0065000371127006,0.131705235807586,-1.56786024635188,1.31076764754413,0,"Rejected"
"168_Visual_mean",-0.549839911067855,-0.951338001099444,-1.41170195306648,1.0784181406164,0,"Rejected"
"169_Visual_mean",0.0619712864242527,0.00208444645715953,-1.68850920423033,1.07663749983602,0,"Rejected"
"17_SomatomotorDorsal_mean",-0.688557333459321,-1.00100150250438,-1.83637752970729,1.31769644211602,0,"Rejected"
"170_Visual_mean",0.375886400436839,0.0625434956842787,-0.941697153330735,1.43727844710218,0,"Rejected"
"171_Visual_mean",-0.183421328412311,-0.0965290754942122,-1.8908152517147,1.50495579695076,0,"Rejected"
"172_Visual_mean",0.152756371957296,0.377584741439233,-1.4215111671837,1.89650954457421,0,"Rejected"
"173_Visual_mean",-0.369015108813562,-0.469637082432631,-1.40121939502841,1.41702306016027,0,"Rejected"
"174_Visual_mean",0.215625564283085,0.197520260081686,-1.32278566718344,1.73689212967344,0,"Rejected"
"175_FrontoParietal_mean",-0.213325063882461,-0.192101568217297,-1.69921420935241,1.20695803459362,0,"Rejected"
"176_FrontoParietal_mean",-0.405805044626061,-0.593564100245117,-1.82812383182459,1.22537286241496,0,"Rejected"
"177_FrontoParietal_mean",-0.219881812092635,-0.937790732758722,-1.52086181880072,1.53088792049814,0,"Rejected"
"178_FrontoParietal_mean",0.197517954872157,0.612409715192581,-1.57938703926909,1.00100150250438,0,"Rejected"
"179_FrontoParietal_mean",-0.147420776746063,-0.281663484236452,-1.30184873442124,1.22077430771471,0,"Rejected"
"18_SomatomotorDorsal_mean",0.716828811132041,0.562131469543824,-0.887228120852969,1.95836868231285,0,"Rejected"
"180_FrontoParietal_mean",-0.118654049661128,-0.224359180711066,-2.10082505936524,1.65615206953241,0,"Rejected"
"181_FrontoParietal_mean",-0.393513915036768,-0.429161728222777,-1.40970105183647,1.00100150250438,0,"Rejected"
"182_FrontoParietal_mean",-0.401344623262134,-0.688612073527334,-1.46381437753433,1.2407681841125,0,"Rejected"
"183_FrontoParietal_mean",0.314171204268272,0.455105469634932,-1.86464930969905,2.0078501126429,0,"Rejected"
"184_FrontoParietal_mean",-0.603430079146093,-0.888742084962389,-1.83304194060053,1.00100150250438,0,"Rejected"
"185_FrontoParietal_mean",-0.0381552914876644,0.0431860318722219,-1.36517558655245,1.20300100066395,0,"Rejected"
"186_FrontoParietal_mean",-0.617385691550903,-0.76847740723791,-1.68030231430245,1.61788654261107,0,"Rejected"
"188_FrontoParietal_mean",-0.10844576763714,-0.127157457316546,-1.37674764095028,1.13495184256676,0,"Rejected"
"189_FrontoParietal_mean",-0.00419700105996168,0,-1.82971522721682,1.40430738188252,0,"Rejected"
"19_SomatomotorDorsal_mean",0.0176751835058702,-0.197377617029533,-1.41127716289265,1.41662750956909,0,"Rejected"
"190_FrontoParietal_mean",0.167438433585534,0.277800329382905,-1.27469706783253,1.29871377882771,0,"Rejected"
"191_FrontoParietal_mean",0.36359943743993,0.867372592782257,-1.60271035695199,1.72244390279363,0,"Rejected"
"192_FrontoParietal_mean",-0.364825336811767,-0.453488130089713,-1.80401704874979,1.74958474282282,0,"Rejected"
"193_FrontoParietal_mean",0.252576969369211,0.249250921056041,-1.41497655310772,1.34546330780672,0,"Rejected"
"194_FrontoParietal_mean",0.148461249413727,0.237085456612296,-1.16498111000714,1.12830610393522,0,"Rejected"
"195_FrontoParietal_mean",0.154535140381333,0.327990453392193,-1.06389913603182,1.57866356744572,0,"Rejected"
"196_FrontoParietal_mean",-0.420610907680234,-0.946799452369453,-1.38093664842361,1.00100150250438,0,"Rejected"
"197_FrontoParietal_mean",-0.112935895582058,-0.0814545961025614,-1.02755068844444,1.23615101417084,0,"Rejected"
"198_FrontoParietal_mean",-0.274283296696123,-0.341949513051192,-1.52294520352286,1.39875880082528,0,"Rejected"
"199_FrontoParietal_mean",0.0514337173100732,0.21672440432321,-1.52479647910063,1.30407985570721,0,"Rejected"
"2_unassigned_mean",0.0738558293557921,0.168143368935128,-1.48498556849365,1.71692699839027,0,"Rejected"
"20_SomatomotorDorsal_mean",-0.169927101902993,-0.354151876275842,-1.7824431303585,1.8599052552658,0,"Rejected"
"200_FrontoParietal_mean",-0.240506537602486,-0.547261095729273,-1.60331797344076,1.70293362358764,0,"Rejected"
"201_FrontoParietal_mean",0.148680049195645,0.357767350275759,-1.57896244823108,1.54125285387333,0,"Rejected"
"202_Salience_mean",-0.0160588223226085,-0.0770849642535622,-1.37648790912619,1.35583430584536,0,"Rejected"
"203_Salience_mean",0.0528281326984434,0.277836563820339,-1.42566773556001,2.16802679336024,0,"Rejected"
"204_Salience_mean",-0.253045083873563,-0.68382342835538,-1.50516555436747,1.34117803160622,0,"Rejected"
"205_Salience_mean",-0.325436881661416,-0.384883197829849,-1.24242204141789,1.14463945877937,0,"Rejected"
"206_Salience_mean",0.226074306643356,0.312494477739159,-1.00100150250438,1.40938240486516,0,"Rejected"
"207_Salience_mean",0.731545718744527,1.0290212805899,-0.769827350389717,1.69515788789922,0,"Rejected"
"208_Salience_mean",0.0708364394696839,0.316242622088698,-1.41435786149322,1.37275661819091,0,"Rejected"
"209_Salience_mean",-0.0381633322912301,0.163632157129558,-1.38228862911364,1.25287079293461,0,"Rejected"
"21_SomatomotorDorsal_mean",-0.441983932207731,-0.36027406466681,-1.73657008206639,1.19298613986693,0,"Rejected"
"210_Salience_mean",-0.0856406040612675,0,-1.17337673108841,0.876224700999898,0,"Rejected"
"212_VentralAttention_mean",0.0100315066982737,0.129317533660006,-1.61126853769178,1.01256554721528,0,"Rejected"
"213_VentralAttention_mean",0.0514035601570425,0.12561488911497,-1.43905104808822,1.47017545689281,0,"Rejected"
"214_VentralAttention_mean",-0.132820691600907,-0.284407197674197,-1.03539598680013,1.42408401575783,0,"Rejected"
"215_VentralAttention_mean",-0.0645496629820442,0.0465879666073012,-1.66587116259317,1.73111669666073,0,"Rejected"
"216_VentralAttention_mean",-0.204914207367383,-0.675990803732483,-1.76075457816968,1.78660914071519,0,"Rejected"
"217_VentralAttention_mean",0.00193952785945016,-0.17239658215735,-1.6214063810211,1.87334811998876,0,"Rejected"
"218_VentralAttention_mean",0.0148004273050971,0,-1.33087922332186,1.03953620820313,0,"Rejected"
"219_VentralAttention_mean",-0.09312219336829,-0.244569604688533,-1.50610609365633,1.43189147866634,0,"Rejected"
"22_SomatomotorDorsal_mean",-0.321404677879676,-0.537792106111344,-1.62602568688023,1.36434594038512,0,"Rejected"
"220_DorsalAttention_mean",-0.65342000266375,-0.872418250401131,-1.99583422664513,1.48629418146647,0,"Rejected"
"221_DorsalAttention_mean",-0.356523856127332,-0.913444875955165,-1.07246267715777,1.33947548267506,0,"Rejected"
"222_DorsalAttention_mean",0.14143176061567,0.136390551160112,-1.27011371889483,1.36772067543085,0,"Rejected"
"223_DorsalAttention_mean",0.393652890961965,0.867550376601344,-1.91591465515776,1.59230880940827,0,"Rejected"
"224_DorsalAttention_mean",-0.522604791034703,-0.924190562037926,-1.67159154989129,1.30934199364748,0,"Rejected"
"225_DorsalAttention_mean",-0.271345171242922,-0.812683953639181,-1.72869003736012,1.68653034814005,0,"Rejected"
"226_DorsalAttention_mean",-0.0459390743076591,-0.328557001165575,-1.34528979309659,1.59817541976226,0,"Rejected"
"227_DorsalAttention_mean",-0.0412642427142052,0.0776776010496553,-1.508069303143,1.65395211476539,0,"Rejected"
"228_DorsalAttention_mean",-0.139331125017934,-0.0928800857508458,-1.45701225056596,1.2252266244529,0,"Rejected"
"229_DorsalAttention_mean",-0.427802988087066,-0.945272374281856,-1.81337661887138,1.83311540751025,0,"Rejected"
"23_SomatomotorDorsal_mean",0.186054972125982,0.0572973764543291,-1.02456788555371,1.41682371745917,0,"Rejected"
"230_DorsalAttention_mean",-0.581549670854839,-0.775328101845662,-1.91826355055764,1.06839660405838,0,"Rejected"
"231_DorsalAttention_mean",-0.24510611452784,-0.415483089275949,-1.52642199744798,1.58455458108597,0,"Rejected"
"232_DorsalAttention_mean",0.566389537623682,0.536459543991045,-1.00100150250438,1.91486232573014,0,"Rejected"
"233_DorsalAttention_mean",-0.313203186831138,-0.459466108216383,-1.5411589786768,1.65909143449722,0,"Rejected"
"234_MedialTemporalLobe_mean",-0.490836793946047,-1.00100150250438,-1.70234289662767,1.22738167534838,0,"Rejected"
"235_MedialTemporalLobe_mean",0.00106582213004101,-0.0595763714321996,-1.7000213924341,1.26121262988392,0,"Rejected"
"236_MedialTemporalLobe_mean",-0.0143715630481094,-0.29195588071976,-1.43220083098663,1.67352129784936,0,"Rejected"
"237_MedialTemporalLobe_mean",-0.110903375881697,-0.404012722876689,-1.52278525154834,1.27966435001689,0,"Rejected"
"238_DefaultMode_mean",0.293946145095619,0.42399087284299,-1.30699034968152,1.71179007277729,0,"Rejected"
"239_DefaultMode_mean",0.112580141319439,-0.101316445634718,-1.40079832557968,1.71658598848928,0,"Rejected"
"24_SomatomotorDorsal_mean",-0.0248234571505492,0.150573617943509,-1.67055307207632,1.38966246621462,0,"Rejected"
"240_Reward_mean",0.190788464159964,0.226751474912612,-1.37129771647782,1.43000265274242,0,"Rejected"
"241_Reward_mean",-0.298614432104924,-0.474600814560712,-1.45995971515357,1.41692269470906,0,"Rejected"
"242_Reward_mean",-0.113740724071344,-0.648434925012342,-1.40130800083758,1.40511134882435,0,"Rejected"
"243_Reward_mean",-0.00455419258702093,0.0578894236250569,-1.72001077414183,1.6005613850891,0,"Rejected"
"244_Reward_mean",1.00244340397521,1.13209241609384,-1.9007926134581,2.25749773034818,0,"Rejected"
"245_Reward_mean",-0.410621466601804,-0.503287710634327,-1.60270644755807,1.00100150250438,0,"Rejected"
"246_Reward_mean",-0.644730866048711,-0.994412009068593,-1.63231235496918,0.869308115151669,0,"Rejected"
"247_Reward_mean",-0.434543625753513,-0.824977499507053,-1.36532584912735,1.00100150250438,0,"Rejected"
"248_Salience_mean",0.723614110775561,0.725643701239225,-1.11952684556634,2.20544755880811,0,"Rejected"
"249_Salience_mean",0.0656446255163865,0.0699551751661015,-1.36220763991121,1.23144359448329,0,"Rejected"
"25_SomatomotorDorsal_mean",-0.15911870409091,0,-1.76210931789491,1.09909097633165,0,"Rejected"
"250_FrontoParietal_mean",-0.322462195713532,-0.720295083191204,-1.56821164668518,1.40695130166023,0,"Rejected"
"251_FrontoParietal_mean",-0.0930999827843272,-0.177774880222727,-1.3668233566392,1.62348864562105,0,"Rejected"
"252_SomatomotorDorsal_mean",-0.192565298581557,-0.107426661264166,-1.41653116080538,1.34554987321083,0,"Rejected"
"253_SomatomotorDorsal_mean",-0.470500589782442,-0.804794195509569,-1.43469043079904,1.28419717359039,0,"Rejected"
"254_SomatomotorLateral_mean",-0.327366948910851,0,-1.3413018490239,1.00100150250438,0,"Rejected"
"255_SomatomotorLateral_mean",-0.0315524464924428,-0.0016788954387899,-1.2517359955705,1.13387879097878,0,"Rejected"
"256_VentralAttention_mean",0.0192308546227907,0,-1.2971754871428,1.71005895768967,0,"Rejected"
"257_VentralAttention_mean",-0.0127361424441369,-0.0953792343375862,-1.12027476480483,1.58773336120256,0,"Rejected"
"258_CinguloOpercular_mean",-0.0467305717442064,-0.151758987249744,-1.60513032920723,1.7330071726099,0,"Rejected"
"259_CinguloOpercular_mean",0.294540345850799,0.443809304926717,-1.00100150250438,1.21921532062895,0,"Rejected"
"26_SomatomotorDorsal_mean",-0.108177106108301,-0.143266163110928,-1.31725315181594,1.24918965630535,0,"Rejected"
"260_CinguloOpercular_mean",-0.10311781808798,-0.0164399165034303,-1.41698345440741,1.45079485997273,0,"Rejected"
"261_CinguloOpercular_mean",-0.308507661754412,-0.449489463737036,-1.38548194057738,1.50467027887848,0,"Rejected"
"262_DefaultMode_mean",-0.10585586385114,-0.400051821684566,-1.37131274340751,1.30809415342701,0,"Rejected"
"263_DefaultMode_mean",-0.881820526517439,-1.00100150250438,-1.88911470145594,1.36839053420966,0,"Rejected"
"264_Visual_mean",-0.0695646479487724,-0.264881032721894,-1.274044892417,1.48010975992115,0,"Rejected"
"265_Visual_mean",-0.0402039205692025,0,-1.68506368790244,1.40458494226805,0,"Rejected"
"266_CinguloOpercular_mean",0.288245185448469,0.544093517332853,-1.48292542024057,1.56852675727998,0,"Rejected"
"267_CinguloOpercular_mean",-0.166546929386322,0,-1.49844936300355,1.23316003780579,0,"Rejected"
"268_CinguloOpercular_mean",-0.402741381325135,-0.213593075294374,-1.41618077615202,1.06821597081672,0,"Rejected"
"269_CinguloOpercular_mean",-0.0766094556076232,-0.117657727517248,-1.41705050316284,1.37750366575576,0,"Rejected"
"27_SomatomotorDorsal_mean",0.0451771261376537,0,-1.76599410711181,1.16596371921988,0,"Rejected"
"270_SomatomotorLateral_mean",-0.227293665782736,-0.466805874561653,-1.41698540195402,1.13702618095289,0,"Rejected"
"271_SomatomotorLateral_mean",-0.591919234690143,-1.05487647987923,-1.7192632406145,0.674282243864767,0,"Rejected"
"272_SomatomotorDorsal_mean",-0.223489452312786,-0.270553257471558,-2.15119903949918,1.31244907155124,0,"Rejected"
"273_SomatomotorDorsal_mean",-0.238044484981957,0,-1.81018692637634,1.4060617702549,0,"Rejected"
"274_CinguloOpercular_mean",-0.183126145414994,-0.135693754115393,-2.27684969197783,1.39522384713854,0,"Rejected"
"275_DorsalAttention_mean",-0.298393641318307,-0.668605474808741,-1.51173745000532,1.00100150250439,0,"Rejected"
"276_DorsalAttention_mean",-0.0207320006697562,-0.377712258954088,-1.55705595890114,1.6347892940111,0,"Rejected"
"277_DefaultMode_mean",1.20068150169841,1.22563264704618,-0.273785290872585,2.10908599618216,0,"Rejected"
"278_DefaultMode_mean",-0.258883486777935,-0.398334320857238,-1.68927201343712,0.89187793845651,0,"Rejected"
"28_SomatomotorDorsal_mean",0.21518843817453,0.690290434457301,-2.28675265488383,1.69612664661238,0,"Rejected"
"280_DefaultMode_mean",0.087548873628899,-0.392482516939851,-1.29072556098272,2.09537306629578,0,"Rejected"
"281_DefaultMode_mean",-0.300746670301927,-0.231845693604885,-1.40209495902621,1.00100150250438,0,"Rejected"
"282_DefaultMode_mean",-0.103788852186745,0,-1.36312824874907,1.22840616405666,0,"Rejected"
"283_Visual_mean",0.141518145741008,0.0503984231282104,-1.44827320285587,1.91120647722144,0,"Rejected"
"284_FrontoParietal_mean",0.00494913891790539,0.232434901234291,-1.33157315609784,1.66185907833293,0,"Rejected"
"285_FrontoParietal_mean",0.973584610268165,1.20468013869941,-1.45274042781037,2.36091722394218,0,"Rejected"
"286_FrontoParietal_mean",0.1161962228106,0.190162714454068,-1.00100150250438,1.28229015558047,0,"Rejected"
"287_FrontoParietal_mean",-0.163795866372171,-0.304239956442431,-1.52594749840063,1.59464513953547,0,"Rejected"
"289_FrontoParietal_mean",0.810513375736248,0.929181100443425,-0.313605114603918,2.11604770689073,0,"Rejected"
"29_SomatomotorDorsal_mean",0.110624972704028,0.0378550631827951,-1.72684126129572,1.72009850776196,0,"Rejected"
"290_FrontoParietal_mean",-0.0936991709322787,-0.601751714053379,-1.27282737136079,1.64150923340845,0,"Rejected"
"291_Salience_mean",0.12626182975567,0.403966239458123,-1.3922550572504,1.50182476341315,0,"Rejected"
"292_Salience_mean",-0.0573527715097075,-0.293308182231329,-1.29097225740616,1.38159086596925,0,"Rejected"
"293_CinguloOpercular_mean",-0.29162270447528,-0.559635055565969,-1.39537343282167,1.38152855712551,0,"Rejected"
"294_CinguloOpercular_mean",0.217098996637071,-0.13769552138964,-1.70536307368729,1.7274423902258,0,"Rejected"
"295_SomatomotorDorsal_mean",0.239271256949019,0.350647337836351,-1.50980234340754,1.90605844576782,0,"Rejected"
"296_SomatomotorDorsal_mean",0.285339028713036,0.222686581108853,-1.3690429991339,2.04716187844839,0,"Rejected"
"297_SomatomotorLateral_mean",0.163451922931204,0.198362873364166,-1.11002094635341,1.33836781703512,0,"Rejected"
"298_SomatomotorLateral_mean",0.0941768866809967,0.0559883204825705,-1.30232577160963,1.27813773002076,0,"Rejected"
"299_SomatomotorDorsal_mean",0.382024113084062,0.805083513422564,-1.74073422216322,1.77418196959379,0,"Rejected"
"3_unassigned_mean",0.234108529232112,0.540402656315127,-2.02574321998595,1.77229250226523,0,"Rejected"
"30_SomatomotorDorsal_mean",0.323544414425075,0.658788884284099,-1.67258344890036,1.6304427595479,0,"Rejected"
"300_SomatomotorDorsal_mean",-0.0310929965872189,0.0196343118158423,-1.40457073124205,1.27897836472813,0,"Rejected"
"31_SomatomotorDorsal_mean",-0.0415599090083604,-0.077333987582673,-1.80007203605127,1.86810971780645,0,"Rejected"
"32_SomatomotorDorsal_mean",0.340794759021889,0.799820354659593,-1.04717135471715,1.74313657201651,0,"Rejected"
"33_SomatomotorDorsal_mean",-0.241052558742563,-0.387797475065382,-1.51381032757924,0.99096222116052,0,"Rejected"
"34_SomatomotorDorsal_mean",0.238371830643268,0.389257922592434,-1.1655451001891,1.56461224065367,0,"Rejected"
"35_SomatomotorDorsal_mean",0.240727640060974,0.586922036857906,-1.65802354947007,1.51115506151552,0,"Rejected"
"36_SomatomotorDorsal_mean",-0.404237537916601,-0.386540689627121,-2.18349794820346,1.45371406170665,0,"Rejected"
"37_SomatomotorDorsal_mean",-0.296966351729011,-0.605047502320533,-1.39100519228254,1.00100150250438,0,"Rejected"
"38_SomatomotorDorsal_mean",0.080741967031837,0.0418570566716154,-1.29238462572494,1.72309236097569,0,"Rejected"
"39_SomatomotorDorsal_mean",-0.223254352756565,-0.404266059201779,-1.07920049269438,1.00100150250438,0,"Rejected"
"4_unassigned_mean",-0.0220120820922865,-0.165653364792078,-1.54211542392104,1.38387024651463,0,"Rejected"
"40_SomatomotorDorsal_mean",0.160993099793377,0.273276470872745,-1.15679433649825,1.45640914415516,0,"Rejected"
"41_SomatomotorDorsal_mean",0.151656670260365,0.368640474461706,-1.19944353854904,1.20562753229154,0,"Rejected"
"42_SomatomotorDorsal_mean",-0.286880292426318,-0.584129837377671,-1.66612541652595,1.89519410905915,0,"Rejected"
"43_SomatomotorDorsal_mean",0.117475161480939,0.238095377669489,-1.27555993189143,1.4330799914939,0,"Rejected"
"44_SomatomotorDorsal_mean",-0.177311396908284,-0.0703611477768783,-1.37297433972891,1.41379204631166,0,"Rejected"
"45_SomatomotorLateral_mean",-0.432963976401235,-0.76167734554863,-1.40868714779816,1.51814276554812,0,"Rejected"
"46_SomatomotorLateral_mean",0.472799082219599,0.984750226405258,-1.8881645392133,1.59773460710021,0,"Rejected"
"47_SomatomotorLateral_mean",-0.182475801051745,-0.185201159797705,-1.35542448786228,1.03563290889155,0,"Rejected"
"48_SomatomotorLateral_mean",0.0128536861143199,0.0879138007221749,-1.56942031185809,1.7048457561103,0,"Rejected"
"49_SomatomotorLateral_mean",0.140295066759382,0.418919965882151,-1.73035200950351,1.43013762167304,0,"Rejected"
"5_unassigned_mean",-0.0249477285064308,0.217427804852531,-1.61474176523587,1.78369899915869,0,"Rejected"
"50_CinguloOpercular_mean",-0.0564659833095417,0,-1.28349648144833,1.05018701327525,0,"Rejected"
"51_CinguloOpercular_mean",0.232980362490628,0.654893652869863,-1.00100150250438,1.1299742963066,0,"Rejected"
"52_CinguloOpercular_mean",-0.63933839736117,-0.988188688667485,-1.45962686827271,1.29654741619147,0,"Rejected"
"53_CinguloOpercular_mean",0.300748131270719,0.639046947830048,-1.62901149296191,1.5334538065923,0,"Rejected"
"54_CinguloOpercular_mean",-0.209773540428999,-0.358701839664494,-1.62025370101858,1.3933613390738,0,"Rejected"
"55_CinguloOpercular_mean",0.333333111546125,0.511591219111033,-1.85226858002246,1.8772014131975,0,"Rejected"
"56_CinguloOpercular_mean",-0.231045167047809,-0.386624331891921,-1.91337060146329,1.6352449825668,0,"Rejected"
"57_CinguloOpercular_mean",-0.196719334247072,-0.46352400646414,-1.71615767759575,1.3307957550765,0,"Rejected"
"58_CinguloOpercular_mean",-0.372546491237464,-0.581313798991627,-1.81307560925563,1.41277090564733,0,"Rejected"
"59_CinguloOpercular_mean",0.026980876396459,0,-1.4530813712602,1.14420441498447,0,"Rejected"
"6_unassigned_mean",-0.344926115481681,-0.177973476986534,-1.44235576927775,1.34406227991274,0,"Rejected"
"60_CinguloOpercular_mean",-0.154554371618214,-0.351034548579948,-1.33847910955194,1.42230922995123,0,"Rejected"
"61_CinguloOpercular_mean",0.365159590327849,0.587661620199609,-1.72457374757105,1.61775040807486,0,"Rejected"
"62_CinguloOpercular_mean",0.200047112569585,0,-1.13894896865746,1.66451752104389,0,"Rejected"
"63_CinguloOpercular_mean",-0.143814405612369,-0.462700477734787,-1.2377812605518,1.18799861534262,0,"Rejected"
"64_CinguloOpercular_mean",0.169686816810053,0.182924750253811,-1.58423758105547,1.47643572063789,0,"Rejected"
"66_CinguloOpercular_mean",-0.0982108975071339,-0.186297825846291,-1.76251312489613,1.45783963012119,0,"Rejected"
"67_CinguloOpercular_mean",0.0431164625571363,-0.0624156269510362,-1.24559428020976,2.05490482107343,0,"Rejected"
"68_CinguloOpercular_mean",0.202929655674716,0.561440896442457,-1.69194304417048,1.53104492443091,0,"Rejected"
"69_Auditory_mean",-0.0873333686897708,0,-1.51043307895629,1.39654931183056,0,"Rejected"
"7_unassigned_mean",-0.503253217026678,-1.00100150250438,-1.40792677337254,1.39409626683722,0,"Rejected"
"70_Auditory_mean",0.00761458587971245,0.0290347731105052,-1.48047190730823,1.00100150250438,0,"Rejected"
"71_Auditory_mean",-0.248373155278601,-0.0203174012453256,-1.37138345922911,1.0745948299242,0,"Rejected"
"72_Auditory_mean",-0.393545223207486,-0.61696155564142,-1.75711246492004,1.1517695696472,0,"Rejected"
"73_Auditory_mean",-0.358892874939948,-0.417149025315996,-1.99305161619404,1.25615715364797,0,"Rejected"
"74_Auditory_mean",-0.400343857515162,-0.647775289479485,-1.49689381012667,1.31124297997843,0,"Rejected"
"75_Auditory_mean",-0.067006066372361,0.0499432898774196,-1.71268896440506,1.67089304091311,0,"Rejected"
"76_Auditory_mean",-0.325706415521523,-0.75366787098356,-1.69991966607964,1.21668406096978,0,"Rejected"
"77_Auditory_mean",0.222375102404081,0.327059993533694,-1.41678081105039,1.41441218557934,0,"Rejected"
"78_Auditory_mean",-0.29955080014662,-0.645899534418657,-1.59835801356459,1.00100150250438,0,"Rejected"
"79_Auditory_mean",-0.114727413905313,-0.345946133444723,-1.05765828392264,1.00100150250438,0,"Rejected"
"8_unassigned_mean",-0.215237891891477,-0.241800915920433,-1.5585019600909,1.43770739009643,0,"Rejected"
"80_Auditory_mean",0.342824648909752,0.705050072851518,-1.70406838640005,1.29955956501775,0,"Rejected"
"81_DefaultMode_mean",-0.436958348578431,-0.512927123814135,-1.46411322652171,1.37997895932678,0,"Rejected"
"82_DefaultMode_mean",0.756330306593484,1.00100150250438,-0.825300279243863,1.85571341799911,0,"Rejected"
"83_DefaultMode_mean",0.48478042027457,1.00100150250438,-1.7158889679134,1.64193165712377,0,"Rejected"
"84_DefaultMode_mean",-0.168950581366865,-0.271845755749525,-1.43437909705175,1.19504805922911,0,"Rejected"
"85_DefaultMode_mean",0.0234438462149225,0.00689694237859566,-1.48573503313797,1.33452047303646,0,"Rejected"
"86_DefaultMode_mean",-0.104550106714892,-0.0997116272830542,-1.58586284605727,1.70700441027504,0,"Rejected"
"87_DefaultMode_mean",0.144982596193711,0.0294373425064976,-1.00100150250438,1.70449734616057,0,"Rejected"
"88_DefaultMode_mean",-0.194491178856787,-0.417820095901667,-1.53346577854515,1.68921017472527,0,"Rejected"
"89_DefaultMode_mean",-0.3497577812573,-0.247718513265659,-1.84019731378842,1.03181450734094,0,"Rejected"
"9_unassigned_mean",-0.346767181637534,-0.627003812913238,-1.4166738308989,1.309805933633,0,"Rejected"
"90_DefaultMode_mean",-0.0359648600317951,0,-1.06595639445639,1.38431830879603,0,"Rejected"
"91_DefaultMode_mean",-0.39748628450973,-0.532488144558884,-1.40205727060016,1.00100150250438,0,"Rejected"
"92_DefaultMode_mean",-0.333533757609197,-0.448497806692216,-1.6254714141278,1.00100150250438,0,"Rejected"
"93_DefaultMode_mean",-0.00342775219024687,-0.167845460369352,-1.52171130893149,1.54343606315299,0,"Rejected"
"94_DefaultMode_mean",-0.118495069817706,0,-1.4104004712744,1.69540382471197,0,"Rejected"
"95_DefaultMode_mean",0.255407818536542,0.291146288579214,-0.904360783360877,1.68455228944262,0,"Rejected"
"96_DefaultMode_mean",-0.272736958886924,-0.482272188460764,-1.54982241252599,1.82277868998946,0,"Rejected"
"97_DefaultMode_mean",-0.105097103906352,-0.0733022733569544,-1.29036696158529,1.76276191305703,0,"Rejected"
"98_DefaultMode_mean",-0.490383512692427,-0.941485620700873,-1.80174981678814,1.39394005573819,0,"Rejected"
"99_DefaultMode_mean",-0.181997051679943,-0.0967829779810604,-1.6532765751954,1.00100150250438,0,"Rejected"
"Unnamed: 0",-0.439655723768646,-0.862572220345473,-1.63415598669858,1.32559243214326,0,"Rejected"
"1_unassigned_var",0.17225306919764,0.395904678538072,-1.09813214478193,1.41705050316284,0,"Rejected"
"10_unassigned_var",-0.134703705964134,-0.703780276197575,-1.28320760635716,1.57309529089195,0,"Rejected"
"100_DefaultMode_var",-0.275227816168597,-0.392189846528747,-1.33478152013232,1.18608407749719,0,"Rejected"
"101_DefaultMode_var",-0.312898145903371,-0.637923889595967,-1.40453005460775,1.23089775666675,0,"Rejected"
"102_DefaultMode_var",-0.238986167381874,-0.273724400711792,-1.45562777329869,1.25272313169578,0,"Rejected"
"103_DefaultMode_var",-0.627532804606419,-1.01329759106364,-2.11555203049988,1.30327840615147,0,"Rejected"
"104_DefaultMode_var",-0.40455031213673,-0.872054544908873,-1.73265484315161,1.30303268712998,0,"Rejected"
"105_DefaultMode_var",-0.120220269596497,-0.0798502629890078,-1.31792091193587,1.41585234001185,0,"Rejected"
"106_DefaultMode_var",-0.45488617963479,-0.786717694191522,-1.68635250933754,1.37609801125023,0,"Rejected"
"107_DefaultMode_var",-0.439509893938622,-0.57644281345873,-1.58357997716334,1.00100150250438,0,"Rejected"
"108_DefaultMode_var",0.0949974058123493,-0.0140266383352368,-1.80087174381099,1.50885676226338,0,"Rejected"
"109_DefaultMode_var",-0.102720639536035,0,-1.27595746737646,1.41693653346005,0,"Rejected"
"11_unassigned_var",-0.224002659429984,-0.393398366040084,-1.23792181403801,1.32698623352657,0,"Rejected"
"110_DefaultMode_var",0.026021231109461,0.280550949313166,-1.57938945984088,1.49368696823405,0,"Rejected"
"111_DefaultMode_var",-0.232616441644252,-0.76998371930993,-1.48926432362269,1.37044069124542,0,"Rejected"
"112_DefaultMode_var",0.0619503436630736,-0.0495924454684752,-1.19750419305148,1.44938104110022,0,"Rejected"
"113_DefaultMode_var",-0.247991526535649,-0.136482715571386,-1.65199531061402,1.24198049403331,0,"Rejected"
"114_DefaultMode_var",-0.576661295509105,-0.898031979856833,-1.82907864780648,1.12054572442612,0,"Rejected"
"115_DefaultMode_var",-0.308963687732739,-0.344707863094174,-1.50746376476798,1.0743181655227,0,"Rejected"
"116_DefaultMode_var",-0.279762935707498,-0.26512841872037,-1.40864226708828,1.26354358630633,0,"Rejected"
"117_DefaultMode_var",-0.254754790894895,-0.627542833203478,-1.79664845056434,1.26076123595377,0,"Rejected"
"118_DefaultMode_var",0.0467212594350923,-0.104022790229207,-1.37929122716152,1.41110555286482,0,"Rejected"
"119_DefaultMode_var",-0.152820837418759,-0.160195137691247,-1.47321408692881,1.44540807064955,0,"Rejected"
"12_unassigned_var",-0.25156753283908,-0.579539801695844,-1.61519670766514,1.31533410441164,0,"Rejected"
"120_DefaultMode_var",0.489756315328528,0.791210290955292,-1.13807809088843,1.94851486758425,0,"Rejected"
"121_DefaultMode_var",0.0304842613841035,-0.185891711736866,-1.28412842546471,1.64385741477908,0,"Rejected"
"122_DefaultMode_var",-0.427183335982718,-0.959107577857286,-1.37139891632083,1.00100150250438,0,"Rejected"
"123_DefaultMode_var",-0.334877968094192,-0.4307804177835,-1.61547097043578,1.03238555197588,0,"Rejected"
"124_DefaultMode_var",-0.0539575492473468,0,-1.10039168460055,1.15421637865082,0,"Rejected"
"125_DefaultMode_var",0.136677900736997,0.172457148078413,-1.35863881789037,1.07550269990538,0,"Rejected"
"126_DefaultMode_var",0.119947718157375,0.207739492114851,-1.39255789339256,1.50421804677335,0,"Rejected"
"127_DefaultMode_var",-0.485699603955562,-0.584583789296602,-1.70634862179435,1.33563128669575,0,"Rejected"
"128_DefaultMode_var",-0.0448317738778068,0,-1.41443742113384,1.3292684928508,0,"Rejected"
"129_DefaultMode_var",-0.125282860792715,0,-1.20086373253535,1.00100150250438,0,"Rejected"
"13_SomatomotorDorsal_var",0.23063840018972,0.699797288828615,-1.62910728197389,1.62873079755003,0,"Rejected"
"130_DefaultMode_var",-0.195328708856554,-0.000292066189433585,-1.40567294121581,1.39801591380695,0,"Rejected"
"131_DefaultMode_var",-0.0272868159284456,-0.106469229781315,-1.0810920393676,1.52597812608014,0,"Rejected"
"132_DefaultMode_var",-0.136513079399438,-0.0959938993212967,-1.86887340724694,1.64742718294184,0,"Rejected"
"133_DefaultMode_var",-0.584765548258366,-0.993320578425022,-1.94372068559827,1.00100150250438,0,"Rejected"
"134_DefaultMode_var",-0.469160660192724,-0.76712978349964,-1.41278625440529,1.12059879715548,0,"Rejected"
"135_DefaultMode_var",1.12186389773005,1.34940633390975,-1.08935799433064,2.36774491953387,0,"Rejected"
"136_ParietoMedial_var",0.299138551018393,0.376984142712366,-1.5046698725235,1.05708221078691,0,"Rejected"
"137_ParietoMedial_var",-0.0521962767162447,-0.129062093954876,-1.34520047497601,1.80839340450466,0,"Rejected"
"138_ParietoMedial_var",-0.197759333187976,-0.489905035004434,-1.25181603187059,1.34638468874675,0,"Rejected"
"139_ParietoMedial_var",-0.127323474149217,0,-1.73631085097427,1.49415681627156,0,"Rejected"
"14_SomatomotorDorsal_var",0.0424606139477655,0.220695279077431,-1.20122346287496,1.42425529686785,0,"Rejected"
"140_ParietoMedial_var",0.109547025400321,0.138517466596643,-1.84759548775572,1.55691575728639,0,"Rejected"
"141_Visual_var",-0.382731572235327,-0.933815326618181,-1.31668133483364,1.19090955626033,0,"Rejected"
"142_Visual_var",-0.52495152583536,-0.849578940272904,-1.7535918566696,1.02938059785592,0,"Rejected"
"143_Visual_var",0.163501852609231,0.541465824591721,-1.44372791299917,1.65539951784188,0,"Rejected"
"144_Visual_var",-0.338101474651928,-0.217008458440943,-1.41078733022262,0.938220252820456,0,"Rejected"
"145_Visual_var",0.05182490385485,0,-1.46584361791367,2.06351550984629,0,"Rejected"
"146_Visual_var",-0.459790932258405,-0.658697613771139,-1.69274269388976,1.14537262986993,0,"Rejected"
"147_Visual_var",0.196882049618096,0.424967300134355,-1.66945152478655,1.40901339276876,0,"Rejected"
"148_Visual_var",-0.011294565119117,0.0968515009377425,-1.44207886497793,1.04775791465165,0,"Rejected"
"149_Visual_var",0.384410341617062,0.413985046146252,-1.56738983764913,1.8920532179988,0,"Rejected"
"15_SomatomotorDorsal_var",-0.298899287426184,-0.360640242240526,-1.36969677539058,1.48008368667655,0,"Rejected"
"150_Visual_var",-0.365526930243713,-0.471361470099136,-1.6084915617617,1.00100150250438,0,"Rejected"
"151_Visual_var",-0.0753050472841759,0,-1.22277823322744,1.60928350408451,0,"Rejected"
"152_Visual_var",-0.270604437925862,-0.431698837230455,-1.46152673675714,1.08771356973261,0,"Rejected"
"153_Visual_var",-0.0025589074090431,-0.173242297664758,-1.37436909840102,1.32278512001145,0,"Rejected"
"154_Visual_var",-0.152124826636169,0.076594579782864,-1.63704018536796,1.00100150250438,0,"Rejected"
"155_Visual_var",-0.287438726286975,-0.51263283132733,-1.52053084086838,1.46061108515134,0,"Rejected"
"156_Visual_var",0.284489286518938,0.255347675608285,-1.51398882626879,1.51648113449484,0,"Rejected"
"157_Visual_var",-0.00862358704405226,0.245258001440973,-1.66447686671972,1.44409198301296,0,"Rejected"
"158_Visual_var",-0.00775705930576031,-0.116966292707785,-1.48728457761127,1.42880601138146,0,"Rejected"
"159_Visual_var",0.581250636202056,0.402725619671376,-0.622724964932925,1.9027130960422,0,"Rejected"
"16_SomatomotorDorsal_var",0.231281844653901,0.122083253375986,-1.14893217795848,1.47770727784615,0,"Rejected"
"160_Visual_var",0.178970954930522,0.0291407985436327,-1.33111793621538,1.00100150250438,0,"Rejected"
"161_Visual_var",0.911638776276145,1.14220073065092,-0.880074784990356,2.00856202593083,0,"Rejected"
"162_Visual_var",0.666217457222528,0.72037362891476,-0.561724021109711,1.90711564800236,0,"Rejected"
"163_Visual_var",-0.245233402257965,-0.103335104838278,-1.34741188265359,1.00100150250438,0,"Rejected"
"165_Visual_var",-0.405456431945223,-0.921149769385175,-1.69397874051357,1.4843917826315,0,"Rejected"
"166_Visual_var",-0.359294604454174,-0.37543105378732,-1.71478880633824,1.17298021463309,0,"Rejected"
"167_Visual_var",-0.0908075370311876,-0.489116359409166,-1.71041193250575,1.70912494667281,0,"Rejected"
"168_Visual_var",-0.251226732007231,-0.761491824169679,-1.80000355013755,1.5560551102237,0,"Rejected"
"169_Visual_var",-0.183896972622048,-0.622870170584681,-1.00100150250438,1.51675209636465,0,"Rejected"
"17_SomatomotorDorsal_var",0.285144081109423,0.31561182273405,-1.04527553993517,1.8584665169918,0,"Rejected"
"170_Visual_var",-0.277078257840264,-0.465316182131685,-1.69990183234198,1.41299718035796,0,"Rejected"
"171_Visual_var",-0.0255575970130837,0.235753817458613,-1.42742569561433,1.5734342945812,0,"Rejected"
"172_Visual_var",-0.307891156411809,-0.821139306765036,-1.62259339987802,1.59503812412962,0,"Rejected"
"173_Visual_var",0.273493041323676,0.775808449791992,-1.47456696133009,1.81411296796943,0,"Rejected"
"174_Visual_var",-0.18448967290309,-0.169377384347085,-2.08951255992969,1.88416177610543,0,"Rejected"
"175_FrontoParietal_var",-0.0287084342864062,-0.00321733399159602,-1.84246014547645,1.92479063614201,0,"Rejected"
"176_FrontoParietal_var",-0.0155554737585311,-0.00891949461017804,-1.29833292768377,1.49377241825887,0,"Rejected"
"177_FrontoParietal_var",-0.435120220422436,-0.909779539286307,-1.48458399804309,1.83700269518261,0,"Rejected"
"178_FrontoParietal_var",-0.572113182537395,-0.640333701763407,-1.73683340042228,0.958000342351427,0,"Rejected"
"179_FrontoParietal_var",-0.297568738564069,-0.738414544095536,-1.41241954824671,1.59564003978484,0,"Rejected"
"18_SomatomotorDorsal_var",0.832905720930554,0.921825438707584,-0.587999300691819,1.78864653033598,0,"Rejected"
"180_FrontoParietal_var",0.18920862410164,0.449604256657799,-1.438270943254,1.58243610252738,0,"Rejected"
"181_FrontoParietal_var",0.183814593366365,0.430673731495734,-1.11841680966876,1.33339795607617,0,"Rejected"
"182_FrontoParietal_var",0.0173652847866893,0.179517624840609,-1.76445443461868,1.46767303919861,0,"Rejected"
"183_FrontoParietal_var",-0.326496967245896,-0.603174544391979,-1.58401687096688,1.2168226375036,0,"Rejected"
"184_FrontoParietal_var",-0.0144035851855827,0,-1.17502323971321,1.16010387213907,0,"Rejected"
"185_FrontoParietal_var",-0.236680477536655,-0.700534707711854,-1.30303946847276,1.05338801983018,0,"Rejected"
"186_FrontoParietal_var",-0.429980454118336,-0.6227471559801,-1.80971035320562,1.00100150250438,0,"Rejected"
"187_FrontoParietal_var",-0.0767054155430324,-0.182658148382078,-1.27107854789166,1.32682739609853,0,"Rejected"
"188_FrontoParietal_var",0.364152295097353,0.717282819109075,-1.75080189802887,1.63774617156717,0,"Rejected"
"189_FrontoParietal_var",-0.180593307348734,-0.423197199438431,-1.61077630108076,1.44055716273616,0,"Rejected"
"19_SomatomotorDorsal_var",-0.538662801193536,-0.758277238548162,-2.23886546701348,1.04791433920615,0,"Rejected"
"190_FrontoParietal_var",-0.516345657086375,-1.18661206364023,-1.85065764490017,2.0599330547941,0,"Rejected"
"191_FrontoParietal_var",-0.203295223599933,-1.00100150250438,-1.68081078732653,1.20176750621216,0,"Rejected"
"192_FrontoParietal_var",-0.458152886731084,-0.578828746099112,-1.73712127013977,1.00100150250438,0,"Rejected"
"193_FrontoParietal_var",-0.0526350650718198,0.0404394757465589,-1.93531529798658,1.18652553917021,0,"Rejected"
"194_FrontoParietal_var",-0.286883437167003,-0.592889408542316,-1.59532141265706,1.6982096098003,0,"Rejected"
"195_FrontoParietal_var",-0.418556651342612,-0.501708268537931,-2.03296672310357,1.3751872308444,0,"Rejected"
"196_FrontoParietal_var",-0.388361944045326,0,-1.51598554104611,1.0532292518186,0,"Rejected"
"197_FrontoParietal_var",-0.00342245365270729,0.0389408312575163,-1.45412889379505,1.13605236491032,0,"Rejected"
"198_FrontoParietal_var",-0.533103320313076,-0.861339647389498,-1.79451742560175,1.34127352155163,0,"Rejected"
"199_FrontoParietal_var",-0.239216331497681,-0.379674401959819,-1.41001283951857,1.34406227991274,0,"Rejected"
"2_unassigned_var",0.173222281971063,0.0525884976609629,-1.26498436282461,1.10632073276096,0,"Rejected"
"200_FrontoParietal_var",-0.265588525854381,-0.334099601719309,-1.72332559014612,1.21446541889315,0,"Rejected"
"201_FrontoParietal_var",0.295674791107482,0.749990664118811,-1.51906719438867,1.40329749742093,0,"Rejected"
"202_Salience_var",-0.0617648226355814,0.0980048701484093,-1.67514383094168,1.4314541858349,0,"Rejected"
"203_Salience_var",-0.14837323272164,-0.0917242363046821,-1.35275721204904,1.60010414177429,0,"Rejected"
"204_Salience_var",-0.0251160334038461,0.226050762477475,-1.4485605061155,1.04467345388115,0,"Rejected"
"205_Salience_var",0.0173451983705976,-0.0101121439603066,-1.3760391882612,1.87578247410264,0,"Rejected"
"206_Salience_var",-0.0245371425077895,0.0390791734788996,-1.2734849033451,1.42076498790146,0,"Rejected"
"207_Salience_var",-0.578714893464173,-0.943769215740833,-1.5533113500947,0.956535849076179,0,"Rejected"
"208_Salience_var",-0.393965595821878,-0.797562997080691,-1.39366007179046,1.28545626437623,0,"Rejected"
"209_Salience_var",0.146377714998371,0,-1.38902709919966,1.6247619104297,0,"Rejected"
"21_SomatomotorDorsal_var",-0.328838679155343,-0.489487803539438,-1.77614254453928,1.21842870791278,0,"Rejected"
"210_Salience_var",0.264640770365169,0.874149507684303,-1.40050758952657,1.36600779223909,0,"Rejected"
"212_VentralAttention_var",0.146151657662679,0.064715735628468,-1.56614487127428,1.82605994674857,0,"Rejected"
"213_VentralAttention_var",-0.248594387249295,-0.524922460943541,-1.34221216876178,1.16381488014799,0,"Rejected"
"214_VentralAttention_var",-0.273672146832908,-0.255053565743771,-1.35625681916732,1.51605267631761,0,"Rejected"
"215_VentralAttention_var",-0.288581005172545,-0.433298793536919,-1.54068638245634,1.35076920569046,0,"Rejected"
"216_VentralAttention_var",-0.0867681747435987,-0.422524530309595,-1.69832831290517,1.35730440784584,0,"Rejected"
"217_VentralAttention_var",0.331824100337024,0.222941470525498,-1.17123430975681,2.20685993938267,0,"Rejected"
"218_VentralAttention_var",0.382108628045043,0.753831322015906,-1.36493867874539,1.26142311805899,0,"Rejected"
"219_VentralAttention_var",-0.0672238628076661,0,-1.14854762400963,1.36927217975642,0,"Rejected"
"22_SomatomotorDorsal_var",-0.315906272880175,-0.656068550081762,-1.38395696604041,1.23104466136636,0,"Rejected"
"220_DorsalAttention_var",-0.152368154117564,-0.751379945479092,-1.39309419097834,1.43684820567442,0,"Rejected"
"221_DorsalAttention_var",-0.0460670394973992,0,-1.02475133580796,1.26433928450408,0,"Rejected"
"222_DorsalAttention_var",0.0483239190812632,0.12723650163102,-1.92106178200527,1.63864181648586,0,"Rejected"
"223_DorsalAttention_var",-0.312343192212637,-0.731738252817977,-1.43777194759613,1.35156362909913,0,"Rejected"
"224_DorsalAttention_var",0.240093742183662,0.558437547152985,-1.43834255757568,1.68457230927144,0,"Rejected"
"225_DorsalAttention_var",-0.26147005513248,-0.411957334226498,-1.98419969678451,1.32730248039179,0,"Rejected"
"226_DorsalAttention_var",-0.311106300817618,-0.404154663567289,-1.41586617663724,1.41352694612414,0,"Rejected"
"227_DorsalAttention_var",0.0523226183139909,0.0726639103178907,-1.3836018816714,1.33444819415296,0,"Rejected"
"228_DorsalAttention_var",-0.259280279729393,-0.801649573052657,-1.46026183834673,1.49569242474783,0,"Rejected"
"229_DorsalAttention_var",-0.165245191545646,-0.498849929680975,-1.00100150250438,1.34037653948843,0,"Rejected"
"23_SomatomotorDorsal_var",-0.036896944447105,0,-1.32890209644091,1.16936767679041,0,"Rejected"
"230_DorsalAttention_var",-0.227147678740585,-0.420276364511609,-1.38359365201004,2.13154758218024,0,"Rejected"
"231_DorsalAttention_var",0.596432820790485,0.952285668891341,-1.17142336522794,1.88514251913017,0,"Rejected"
"232_DorsalAttention_var",0.160546310478175,0.103119534255674,-2.49685584615358,1.78004848571826,0,"Rejected"
"233_DorsalAttention_var",0.0397893173042321,0,-1.32630547058282,1.54979501824103,0,"Rejected"
"234_MedialTemporalLobe_var",-0.399529454736874,-0.476578744126026,-1.74617239907198,1.00100150250438,0,"Rejected"
"235_MedialTemporalLobe_var",-0.16587931959126,-0.0718803761245573,-1.68818649154092,1.05757619795514,0,"Rejected"
"236_MedialTemporalLobe_var",-0.206185715895683,-0.199420529179652,-2.10819970165217,1.9740705240258,0,"Rejected"
"237_MedialTemporalLobe_var",-0.267549313824605,-0.423139657212505,-1.87348591294113,1.2677756820584,0,"Rejected"
"238_DefaultMode_var",0.118754719399316,0.00769224228927043,-1.67709027112245,1.38250602043888,0,"Rejected"
"239_DefaultMode_var",-0.250031039292392,-0.651884932101216,-1.48249585084135,1.17883581311407,0,"Rejected"
"24_SomatomotorDorsal_var",0.0170469798320214,-0.278729755173406,-1.6715594276045,1.49912865484956,0,"Rejected"
"240_Reward_var",0.0315306611439617,-0.0434036522534094,-1.51469612299892,1.82910957286573,0,"Rejected"
"241_Reward_var",-0.661750557183917,-1.00100150250438,-1.40980293870235,1.62714625650945,0,"Rejected"
"242_Reward_var",-0.365017402162511,-0.464388495307622,-1.280351790591,1.02725181992192,0,"Rejected"
"243_Reward_var",-0.295151853305388,-0.760893562898115,-2.02937115456139,1.15899851591771,0,"Rejected"
"244_Reward_var",0.0394728256582694,0.0720698235268543,-2.26951141105981,1.75573521115967,0,"Rejected"
"245_Reward_var",-0.280179259240673,-0.986637905646611,-1.39668052624133,1.70143362571083,0,"Rejected"
"246_Reward_var",0.0975179221870963,0.083790156088596,-1.33323787885743,1.41674817854236,0,"Rejected"
"247_Reward_var",-0.121655469077812,0.124744204954289,-1.52174102527997,1.45368849628417,0,"Rejected"
"248_Salience_var",0.208886728498989,0.434508948518522,-2.14907090707267,1.809109940927,0,"Rejected"
"249_Salience_var",0.465478269963701,1.00100150250438,-1.23637094845737,1.76800046343542,0,"Rejected"
"25_SomatomotorDorsal_var",-0.179453263778257,-0.0886930937645872,-1.56697932368004,1.41036429341341,0,"Rejected"
"250_FrontoParietal_var",0.364772844687317,0.564693830922407,-1.19364278285558,1.74899879504409,0,"Rejected"
"251_FrontoParietal_var",0.0153023784148735,0.00870627974865468,-0.977276404898067,1.39911614473864,0,"Rejected"
"252_SomatomotorDorsal_var",-0.249334619764971,-0.708142311814467,-1.48374767264918,1.43297490014482,0,"Rejected"
"253_SomatomotorDorsal_var",0.395652979079482,0.586780897729041,-1.60894237150928,2.0044826477747,0,"Rejected"
"254_SomatomotorLateral_var",-0.44236985470844,-1.00100150250438,-1.36529805588754,1.08869588355095,0,"Rejected"
"255_SomatomotorLateral_var",-0.131202263583774,0,-1.28418852224223,1.28088267350034,0,"Rejected"
"256_VentralAttention_var",-0.335754420222122,-0.602873097186338,-1.41517602983736,1.54682185260772,0,"Rejected"
"257_VentralAttention_var",0.310911592783684,0.0756895514481553,-1.00531560771787,2.02614239966655,0,"Rejected"
"258_CinguloOpercular_var",-0.073171881874621,-0.0990616906670652,-1.5585518864657,1.47153614317319,0,"Rejected"
"259_CinguloOpercular_var",-0.457721691630939,-0.43183411060151,-1.46887476625962,1.00100150250438,0,"Rejected"
"26_SomatomotorDorsal_var",-0.118147166013972,-0.387349348728101,-1.41298011062092,1.51074390847562,0,"Rejected"
"260_CinguloOpercular_var",1.2723481813967,1.45780557039225,-0.00611286783296668,2.25503926370601,0,"Rejected"
"261_CinguloOpercular_var",0.00419849452482101,-0.151033369269973,-1.41138459949466,1.41508230368268,0,"Rejected"
"262_DefaultMode_var",-0.432626166439044,-0.720731348747087,-1.4159993503497,1.01658349597426,0,"Rejected"
"263_DefaultMode_var",0.304734949202907,0.820057460149699,-1.40152966315644,1.37666326930128,0,"Rejected"
"264_Visual_var",-0.305960164736007,-0.757888310581003,-1.70755469588806,1.07192583728103,0,"Rejected"
"265_Visual_var",0.266046620205183,0.0537219566793897,-1.49974644235066,1.81312627705284,0,"Rejected"
"266_CinguloOpercular_var",-0.169250861755519,-0.215306107172209,-1.31586156738608,1.26693979201741,0,"Rejected"
"269_CinguloOpercular_var",-0.235637828703701,-0.0576917629766054,-1.6891808509603,1.30368197355373,0,"Rejected"
"27_SomatomotorDorsal_var",-0.0600912532626734,-0.177334410963061,-1.23701157449606,1.63749375025905,0,"Rejected"
"270_SomatomotorLateral_var",-0.377312555206146,-0.558941895939322,-1.39282833637437,1.00100150250438,0,"Rejected"
"271_SomatomotorLateral_var",-0.453662346249404,-0.898703227467935,-1.40581989588901,1.53575767916687,0,"Rejected"
"272_SomatomotorDorsal_var",-0.0622022099772642,-0.00979736333173145,-1.17455166265982,1.34826777684907,0,"Rejected"
"273_SomatomotorDorsal_var",0.0941041018081129,0.0522168556059574,-1.3930914357731,1.56970506618811,0,"Rejected"
"274_CinguloOpercular_var",0.101459595893372,0.0420301058863855,-1.50286407626326,1.76202993181083,0,"Rejected"
"275_DorsalAttention_var",-0.279790441627128,-0.537945388558218,-1.30996593812046,1.28882621591271,0,"Rejected"
"276_DorsalAttention_var",-0.177646999705895,-0.335559147941505,-1.40428461720851,1.37371530706016,0,"Rejected"
"277_DefaultMode_var",1.2111916387986,1.42384564504362,-0.444226152565091,2.49423204405741,0,"Rejected"
"278_DefaultMode_var",-0.176428436187847,-0.188956482573213,-1.36940112128319,1.30597263952323,0,"Rejected"
"279_DefaultMode_var",0.15801360620283,0.255716802769394,-1.00105853020568,1.56201692045552,0,"Rejected"
"28_SomatomotorDorsal_var",-0.444636238653701,-0.351337940186844,-2.06279417716838,1.00100150250438,0,"Rejected"
"280_DefaultMode_var",-0.218369093452375,-0.813402818321044,-1.48377837532269,1.15224764029979,0,"Rejected"
"281_DefaultMode_var",0.184385247787137,0.263921360760654,-1.3410931840199,1.82940973682443,0,"Rejected"
"282_DefaultMode_var",0.092846528232662,0.237989558815864,-1.62883274025213,1.31302477639218,0,"Rejected"
"283_Visual_var",-0.323827102203028,-0.469763114497563,-1.52734650946637,1.12547443200054,0,"Rejected"
"284_FrontoParietal_var",-0.163931154727858,-0.206255487734762,-1.4097363629527,1.42807436524202,0,"Rejected"
"285_FrontoParietal_var",-0.41113402551325,-0.357077959697393,-1.50564002022316,1.03535120989976,0,"Rejected"
"286_FrontoParietal_var",-0.185510537330603,-0.160400569959446,-1.61941133324902,1.35527761021359,0,"Rejected"
"287_FrontoParietal_var",-0.468341863486611,-0.356750289573532,-1.57266311458977,1.1736235466265,0,"Rejected"
"288_FrontoParietal_var",-0.228859056124351,-0.349660595598888,-1.37800282632438,1.1540469223034,0,"Rejected"
"289_FrontoParietal_var",-0.181597880297026,-0.305407665981476,-1.67001025109426,1.1454581879272,0,"Rejected"
"29_SomatomotorDorsal_var",0.315567453014541,0.542955616639943,-1.36716909813153,1.57501952878014,0,"Rejected"
"290_FrontoParietal_var",-0.30592627390955,-0.316268403378822,-1.60751207340671,1.4845663146808,0,"Rejected"
"291_Salience_var",-0.0971744835244235,-0.0605680061046261,-1.60221968450954,1.41590715002651,0,"Rejected"
"292_Salience_var",0.0173352070371497,0.225433227261044,-1.39555361412081,1.53655400261412,0,"Rejected"
"293_CinguloOpercular_var",0.0414236426111185,0,-1.39467460611322,1.29838039103251,0,"Rejected"
"294_CinguloOpercular_var",-0.0825671240296549,0.1910355256183,-1.48365707228066,1.14612698149178,0,"Rejected"
"295_SomatomotorDorsal_var",0.447015664535603,0.554501563951287,-1.35270019676903,1.8656101939678,0,"Rejected"
"296_SomatomotorDorsal_var",-0.00386997616619118,0,-1.00100150250438,1.33516792178457,0,"Rejected"
"297_SomatomotorLateral_var",0.091218875083301,-0.0364248170678771,-1.35396704609293,1.41237767655151,0,"Rejected"
"298_SomatomotorLateral_var",-0.457918349942933,-0.68486417202746,-1.58154368007974,1.00100150250438,0,"Rejected"
"299_SomatomotorDorsal_var",-0.304210021634426,-0.333953289941609,-1.67250139468472,1.00100150250438,0,"Rejected"
"3_unassigned_var",0.590508441663958,0.42474256627521,-0.534222302299873,2.00086583355538,0,"Rejected"
"30_SomatomotorDorsal_var",-0.324592477530631,-0.414348884980572,-1.68318246021742,1.32085644261127,0,"Rejected"
"300_SomatomotorDorsal_var",0.5136485455092,0.920794804057878,-0.737821899225834,1.33251542298704,0,"Rejected"
"31_SomatomotorDorsal_var",-0.217261252480185,-0.209383709037013,-1.60185192097888,1.67204515253738,0,"Rejected"
"32_SomatomotorDorsal_var",0.590443073426596,0.698964629696517,-1.69295473297959,2.643971357848,0,"Rejected"
"33_SomatomotorDorsal_var",0.0447075367773979,-0.364208173896232,-1.45198734324359,1.7818495284889,0,"Rejected"
"34_SomatomotorDorsal_var",0.00798307780298307,0,-1.49131793669432,1.51833671858753,0,"Rejected"
"35_SomatomotorDorsal_var",0.377066989083824,0.282955047244086,-0.872800610942298,1.98108661789074,0,"Rejected"
"36_SomatomotorDorsal_var",-0.0276253687210938,0.0450206504726314,-1.51626020683102,1.24337684911088,0,"Rejected"
"37_SomatomotorDorsal_var",-0.414197510660699,-1.00100150250438,-1.37308497530809,1.38263589782438,0,"Rejected"
"38_SomatomotorDorsal_var",-0.318951169731802,-0.938229634012062,-1.5467365165367,1.48465077599454,0,"Rejected"
"39_SomatomotorDorsal_var",-0.529369550893543,-1.01431952025862,-2.29293017156303,1.74164341330219,0,"Rejected"
"4_unassigned_var",-0.462305585716682,-0.557383063971593,-1.56926113958908,1.00100150250438,0,"Rejected"
"40_SomatomotorDorsal_var",-0.000234502445186504,-0.184353754161163,-1.4250167059827,1.82278875727573,0,"Rejected"
"41_SomatomotorDorsal_var",0.145666379702711,0.182132377444318,-1.37629749618242,1.32944823862022,0,"Rejected"
"42_SomatomotorDorsal_var",0.278864483183859,0.168567986552408,-1.29423811647706,1.87932205339096,0,"Rejected"
"43_SomatomotorDorsal_var",-0.372284528157886,-0.307368989960304,-1.97974549600686,1.38266690951781,0,"Rejected"
"44_SomatomotorDorsal_var",-0.339475338976115,-0.583634827868441,-1.39370468288201,1.3564109119136,0,"Rejected"
"45_SomatomotorLateral_var",-0.00371351935777676,0,-1.66793915394417,1.21187681374843,0,"Rejected"
"46_SomatomotorLateral_var",0.439664003590915,0.824956241978542,-1.24990806065197,1.52427160507659,0,"Rejected"
"47_SomatomotorLateral_var",0.163113628206776,0.493839420156777,-1.41347829776819,1.41230006935075,0,"Rejected"
"48_SomatomotorLateral_var",0.0448827126715441,0.115231266355214,-1.30001289041588,1.29257032227753,0,"Rejected"
"49_SomatomotorLateral_var",0.00813977107968958,-0.200041940486852,-1.76942059792413,1.49774237871658,0,"Rejected"
"5_unassigned_var",0.126230038793657,-0.0465610049005668,-1.24966985766422,1.77033821113221,0,"Rejected"
"50_CinguloOpercular_var",0.231206450460674,0.785756758333802,-1.65775128059362,1.40887164471013,0,"Rejected"
"51_CinguloOpercular_var",-0.31581313683298,-0.792590219270687,-1.61551636408837,1.62738293462171,0,"Rejected"
"52_CinguloOpercular_var",-0.544420619478933,-1.00100150250438,-1.28983489269515,1.00100150250438,0,"Rejected"
"53_CinguloOpercular_var",-0.599000325459367,-1.00100150250438,-1.79435662794256,1.52655814509612,0,"Rejected"
"54_CinguloOpercular_var",0.290047299445771,0.527976944846033,-0.956754942145509,1.38092522993306,0,"Rejected"
"56_CinguloOpercular_var",0.00546560012076744,0.029274550678022,-1.48298578842437,1.41568435585897,0,"Rejected"
"57_CinguloOpercular_var",-0.245150970896007,-0.510126811979316,-1.46385573091374,1.39278656659319,0,"Rejected"
"58_CinguloOpercular_var",-0.193878645251339,-0.0413416455382834,-1.73685278282934,1.40998991860812,0,"Rejected"
"59_CinguloOpercular_var",-0.237342336627804,-0.092140191412716,-1.60828464878525,1.57277505588128,0,"Rejected"
"6_unassigned_var",-0.180237554551063,-0.218781913884994,-1.40897494171462,1.85282904076803,0,"Rejected"
"60_CinguloOpercular_var",-0.598908472818705,-1.00100150250438,-1.71339151378358,1.20185494200271,0,"Rejected"
"61_CinguloOpercular_var",0.183893606170831,0.423246882238522,-1.48873897972031,1.19945411189988,0,"Rejected"
"62_CinguloOpercular_var",-0.404145971568276,-1.00100150250438,-1.33723662022423,1.48893631994315,0,"Rejected"
"63_CinguloOpercular_var",-0.448643841729387,-0.647872457947124,-1.93454573567145,1.00100150250438,0,"Rejected"
"64_CinguloOpercular_var",0.00372991130791057,0.369034104634307,-1.86621960062047,1.48301144948526,0,"Rejected"
"65_CinguloOpercular_var",0.0257520178018902,-0.0435629335961399,-1.34409422773108,1.66170407917342,0,"Rejected"
"66_CinguloOpercular_var",-0.550095375581076,-1.00100150250438,-1.85373522122188,1.00950703525688,0,"Rejected"
"67_CinguloOpercular_var",-0.448572119316981,-0.652330784797263,-1.91186626415393,1.04638368002707,0,"Rejected"
"68_CinguloOpercular_var",0.0508198238360637,0,-1.26527330910497,1.38461888894384,0,"Rejected"
"69_Auditory_var",-0.158075280572782,-0.37226033290982,-1.25703920766108,1.28102394539853,0,"Rejected"
"7_unassigned_var",0.165677872077762,0.26732067036566,-2.14335855900767,1.33543259067802,0,"Rejected"
"70_Auditory_var",-0.0639652181291746,0.0224975293035693,-1.86443593806005,1.56309722894601,0,"Rejected"
"71_Auditory_var",-0.0194632855078554,0,-1.40480205824375,1.70278222596887,0,"Rejected"
"72_Auditory_var",-0.141479136555174,-0.0570645594804997,-1.289425288836,1.4987013071715,0,"Rejected"
"73_Auditory_var",0.392238602744081,0.374109555522997,-0.714249161728702,1.93093130191625,0,"Rejected"
"74_Auditory_var",-0.13095366668583,0.234535510818686,-1.56538036940596,1.33044919270916,0,"Rejected"
"76_Auditory_var",0.838081322493529,1.06791783444777,-1.01626954165632,1.92516648849399,0,"Rejected"
"77_Auditory_var",-0.167492419697705,-0.318492139275612,-1.40062433206848,1.14693691702542,0,"Rejected"
"78_Auditory_var",-0.0952492769499336,-0.119298791690172,-1.29678737074414,1.34080655962807,0,"Rejected"
"79_Auditory_var",-0.40974450690154,-0.942802966591574,-1.47067651282153,1.44138689849994,0,"Rejected"
"8_unassigned_var",-0.329927093837894,-0.58842048936279,-1.41347675451719,1.67212901656423,0,"Rejected"
"80_Auditory_var",0.393642377406088,0.960602596058786,-1.30525406570557,1.14802738743021,0,"Rejected"
"81_DefaultMode_var",-0.325222556655809,-0.114626195273964,-1.19481959117152,1.75477370930843,0,"Rejected"
"82_DefaultMode_var",0.0679183788544539,0.155500153560571,-1.64597465293059,1.79185079104221,0,"Rejected"
"83_DefaultMode_var",0.608956926960287,0.944454186166208,-2.22692409061242,1.66613244072818,0,"Rejected"
"84_DefaultMode_var",-0.114301293358632,-0.387775605741677,-1.55329226000567,1.58737096403473,0,"Rejected"
"85_DefaultMode_var",-0.286639065933782,-0.469430413637376,-1.48574631620916,0.981614956718854,0,"Rejected"
"86_DefaultMode_var",0.388589382193083,0.801496883863162,-1.41251955470294,1.60439607617909,0,"Rejected"
"87_DefaultMode_var",0.358363312088616,0.314434917963789,-1.29141528313955,1.55054825647813,0,"Rejected"
"88_DefaultMode_var",-0.415801890918266,-0.636178258085637,-1.77475732046915,1.02064516294452,0,"Rejected"
"89_DefaultMode_var",-0.219925628525807,-0.414024139655362,-1.44268336874491,1.35394912877994,0,"Rejected"
"9_unassigned_var",-0.026137052448401,-0.0507286635736884,-1.27259751655924,1.37446534510209,0,"Rejected"
"90_DefaultMode_var",-0.200949535904879,-0.241905910948447,-1.72554001560991,1.7016000106316,0,"Rejected"
"91_DefaultMode_var",-0.523572679281414,-0.647189505088925,-2.20691390512156,1.18527262630327,0,"Rejected"
"92_DefaultMode_var",0.030727728899817,0.318547939530284,-1.39326750622288,1.29703991862314,0,"Rejected"
"93_DefaultMode_var",0.200176252583579,0,-0.935599415548836,1.67883463567702,0,"Rejected"
"94_DefaultMode_var",0.0502059999949856,0,-1.22398342067622,1.4054160224033,0,"Rejected"
"95_DefaultMode_var",0.284565526639332,0.432287671704136,-1.48650345141455,1.92490745228121,0,"Rejected"
"96_DefaultMode_var",-0.00978044575214529,-0.116587729262605,-1.24722941822187,1.71369351711087,0,"Rejected"
"97_DefaultMode_var",-0.217474988373469,-0.444232016796023,-1.5363465871024,1.39912973862102,0,"Rejected"
"98_DefaultMode_var",0.0380052861912493,-0.102722431829817,-1.40423575364031,1.70654707980919,0,"Rejected"
"99_DefaultMode_var",0.39329369343332,0.793396305135095,-1.00817117878308,1.65951343506913,0,"Rejected"
